model,accuracy,precision,recall,f1
ocsvm,0.9855085115670013,0.9902029595835526,0.9952089824231379,0.9926996599038348
sgdocsvm,0.6835734031718318,0.9859758145784346,0.6902004585268355,0.8119921159099552
lof,0.9893787283573403,0.990012520746586,0.999353359590853,0.9946610107511153
if,0.9894078277317038,0.990012811553692,0.9993827523367232,0.9946757159991808
pca,0.05851884184490033,0.991166077738516,0.04946799129974722,0.09423292273236282
