model,accuracy,precision,recall,f1
ocsvm,0.7082295466598101,0.6860870093888151,0.997865164281293,0.8131137416366443
sgdocsvm,0.695188583733749,0.9802665299846233,0.5314983009739398,0.6892738665683744
lof,0.6364038118501615,0.636482179078528,0.9988757374025744,0.7775259465385768
if,0.635423529978948,0.6358424725822532,0.9989641625506865,0.7770751959122509
pca,0.13715107589952916,0.11267566974088714,0.05185503328575218,0.07102383321077901
