model,accuracy,precision,recall,f1
ocsvm,0.6064141376849048,0.5237852123250646,0.992375533428165,0.6856682326577949
sgdocsvm,0.8085850008614537,0.9994902120717781,0.5577809388335704,0.7159916736661432
lof,0.4320066947254424,0.4322513914199872,0.9986913229018493,0.6033584847286915
if,0.43222821137611067,0.4323772005416718,0.999203413940256,0.603574497336312
pca,0.39961603780550836,0.10323556797020485,0.05046941678520626,0.06779531470936676
