model,accuracy,precision,recall,f1
ocsvm,0.4431045865858868,0.4441243336469113,0.9862471166818992,0.6124511830921203
sgdocsvm,0.7877975843722086,0.9985930646362658,0.5251338294816555,0.6883057615516257
lof,0.4458231387626704,0.445979020979021,0.9992166079122601,0.6167049437930617
if,0.4456872111538312,0.44590367765624694,0.9989119554336946,0.6165748824714573
pca,0.5736727639908346,0.9188524590163935,0.04878791835313574,0.0926561143943464
